-- MySQL Script generated by MySQL Workbench
-- Thu Dec 18 23:07:13 2025
-- Model: Waste Bank Model
-- MySQL Workbench Forward Engineering


/*!40101 SET @OLD_CHARACTER_SET_CLIENT=@@CHARACTER_SET_CLIENT */;
/*!40101 SET @OLD_CHARACTER_SET_RESULTS=@@CHARACTER_SET_RESULTS */;
/*!40101 SET @OLD_COLLATION_CONNECTION=@@COLLATION_CONNECTION */;
/*!50503 SET NAMES utf8 */;
/*!40103 SET @OLD_TIME_ZONE=@@TIME_ZONE */;
/*!40103 SET TIME_ZONE='+00:00' */;
/*!40014 SET @OLD_UNIQUE_CHECKS=@@UNIQUE_CHECKS, UNIQUE_CHECKS=0 */;
/*!40014 SET @OLD_FOREIGN_KEY_CHECKS=@@FOREIGN_KEY_CHECKS, FOREIGN_KEY_CHECKS=0 */;
/*!40101 SET @OLD_SQL_MODE=@@SQL_MODE, SQL_MODE='NO_AUTO_VALUE_ON_ZERO' */;
/*!40111 SET @OLD_SQL_NOTES=@@SQL_NOTES, SQL_NOTES=0 */;

--
-- Table structure for table `account`
--

DROP TABLE IF EXISTS `account`;
/*!40101 SET @saved_cs_client     = @@character_set_client */;
/*!50503 SET character_set_client = utf8mb4 */;
CREATE TABLE `account` (
  `account_id` int NOT NULL AUTO_INCREMENT COMMENT 'รหัส นศศ หรือ บัตรปชช',
  `faculty_id` int NOT NULL,
  `major_id` int DEFAULT NULL,
  `account_personal_id` varchar(13) NOT NULL,
  `account_tel` varchar(10) DEFAULT NULL,
  `account_email` varchar(30) DEFAULT NULL,
  `account_name` varchar(30) DEFAULT NULL,
  `account_password` varchar(64) NOT NULL,
  `account_role` enum('user','faculty_staff','operater','admin') NOT NULL DEFAULT 'user',
  `account_point` int NOT NULL DEFAULT '0',
  `create_at` datetime DEFAULT NULL,
  `update_at` datetime DEFAULT NULL,
  PRIMARY KEY (`account_id`),
  UNIQUE KEY `account_persoanl_id_UNIQUE` (`account_personal_id`),
  UNIQUE KEY `account_tel_UNIQUE` (`account_tel`),
  UNIQUE KEY `account_email_UNIQUE` (`account_email`),
  UNIQUE KEY `account_name_UNIQUE` (`account_name`),
  KEY `fk_faculty_id_idx` (`faculty_id`),
  KEY `fk_major_id_idx` (`major_id`),
  CONSTRAINT `fk_faculty_id` FOREIGN KEY (`faculty_id`) REFERENCES `faculty` (`faculty_id`),
  CONSTRAINT `fk_major_id` FOREIGN KEY (`major_id`) REFERENCES `major` (`major_id`)
) ENGINE=InnoDB AUTO_INCREMENT=8 DEFAULT CHARSET=utf8mb4 COLLATE=utf8mb4_0900_ai_ci;
/*!40101 SET character_set_client = @saved_cs_client */;

--
-- Dumping data for table `account`
--

LOCK TABLES `account` WRITE;
/*!40000 ALTER TABLE `account` DISABLE KEYS */;
INSERT INTO `account` VALUES (1,1,1,'680112418037','0816047264','user.it@mail.com','user_it','$2y$12$eHf3/jMRxH9BAfjZHN.G8.yozUERW747FNpQkJACrJakx9Zr9PwqC','user',29,NULL,NULL),(2,1,NULL,'1111111111111',NULL,'admin@wastebank.com','admin','$2y$12$pSqmaZQNBky.XpKXuiPLF.I0LOMSxU/29tpJurXtU6OJfDGRZAM5e','admin',0,NULL,NULL),(4,1,NULL,'200000000001',NULL,'operater@wastebank.com','operater_1','$2y$12$RzJd6bP572GeKgUc6O80pO8PlAJNBpXfwy5c9cVoSxin0dVJjPQRq','operater',0,NULL,NULL),(5,2,NULL,'670112418001',NULL,'user.fe@wastebank.com','user_fe','$2y$12$qkTw.J4o28mRmbYuoLgm1eJFzdJCwzfp5Ydtn6rX.bxtUlmrhmvfq','user',240,NULL,NULL),(6,1,3,'680112418001',NULL,'user.cs@wastebank.com','user_cs','$2y$12$qkTw.J4o28mRmbYuoLgm1eJFzdJCwzfp5Ydtn6rX.bxtUlmrhmvfq','user',6,NULL,NULL),(7,2,2,'680112418002',NULL,NULL,NULL,'$2y$12$qkTw.J4o28mRmbYuoLgm1eJFzdJCwzfp5Ydtn6rX.bxtUlmrhmvfq','user',0,NULL,NULL);
/*!40000 ALTER TABLE `account` ENABLE KEYS */;
UNLOCK TABLES;

--
-- Table structure for table `faculty`
--

DROP TABLE IF EXISTS `faculty`;
/*!40101 SET @saved_cs_client     = @@character_set_client */;
/*!50503 SET character_set_client = utf8mb4 */;
CREATE TABLE `faculty` (
  `faculty_id` int NOT NULL AUTO_INCREMENT,
  `faculty_name` varchar(30) NOT NULL,
  `faculty_point` decimal(8,2) NOT NULL DEFAULT '0.00',
  PRIMARY KEY (`faculty_id`),
  UNIQUE KEY `faculty_name_UNIQUE` (`faculty_name`)
) ENGINE=InnoDB AUTO_INCREMENT=6 DEFAULT CHARSET=utf8mb4 COLLATE=utf8mb4_0900_ai_ci;
/*!40101 SET character_set_client = @saved_cs_client */;

--
-- Dumping data for table `faculty`
--

LOCK TABLES `faculty` WRITE;
/*!40000 ALTER TABLE `faculty` DISABLE KEYS */;
INSERT INTO `faculty` VALUES (1,'วิทยาศาสตร์',6.30),(2,'ครุศาสตร์',0.50),(4,'วิทยาการจัดการ',0.00);
/*!40000 ALTER TABLE `faculty` ENABLE KEYS */;
UNLOCK TABLES;

--
-- Table structure for table `major`
--

DROP TABLE IF EXISTS `major`;
/*!40101 SET @saved_cs_client     = @@character_set_client */;
/*!50503 SET character_set_client = utf8mb4 */;
CREATE TABLE `major` (
  `major_id` int NOT NULL AUTO_INCREMENT,
  `faculty_id` int NOT NULL,
  `major_name` varchar(30) NOT NULL,
  `major_description` varchar(45) DEFAULT NULL,
  PRIMARY KEY (`major_id`),
  UNIQUE KEY `major_name_UNIQUE` (`major_name`),
  KEY `fk_major_faculty_id_idx` (`faculty_id`),
  CONSTRAINT `fk_major_faculty_id` FOREIGN KEY (`faculty_id`) REFERENCES `faculty` (`faculty_id`)
) ENGINE=InnoDB AUTO_INCREMENT=7 DEFAULT CHARSET=utf8mb4 COLLATE=utf8mb4_0900_ai_ci;
/*!40101 SET character_set_client = @saved_cs_client */;

--
-- Dumping data for table `major`
--

LOCK TABLES `major` WRITE;
/*!40000 ALTER TABLE `major` DISABLE KEYS */;
INSERT INTO `major` VALUES (1,1,'เทคโนโลยีสารสนเทศ',NULL),(2,2,'การศึกษาปฐมวัย',NULL),(3,1,'วิทยาการคอม',NULL);
/*!40000 ALTER TABLE `major` ENABLE KEYS */;
UNLOCK TABLES;

--
-- Table structure for table `reward`
--

DROP TABLE IF EXISTS `reward`;
/*!40101 SET @saved_cs_client     = @@character_set_client */;
/*!50503 SET character_set_client = utf8mb4 */;
CREATE TABLE `reward` (
  `reward_id` int NOT NULL AUTO_INCREMENT,
  `reward_name` varchar(25) NOT NULL,
  `reward_description` varchar(45) DEFAULT NULL,
  `reward_needed_point` int NOT NULL DEFAULT '0',
  `reward_qty` int NOT NULL DEFAULT '0',
  PRIMARY KEY (`reward_id`),
  UNIQUE KEY `reward_name_UNIQUE` (`reward_name`)
) ENGINE=InnoDB DEFAULT CHARSET=utf8mb4 COLLATE=utf8mb4_0900_ai_ci;
/*!40101 SET character_set_client = @saved_cs_client */;

--
-- Dumping data for table `reward`
--

LOCK TABLES `reward` WRITE;
/*!40000 ALTER TABLE `reward` DISABLE KEYS */;
/*!40000 ALTER TABLE `reward` ENABLE KEYS */;
UNLOCK TABLES;

--
-- Table structure for table `reward_transaction`
--

DROP TABLE IF EXISTS `reward_transaction`;
/*!40101 SET @saved_cs_client     = @@character_set_client */;
/*!50503 SET character_set_client = utf8mb4 */;
CREATE TABLE `reward_transaction` (
  `reward_transaction_id` int NOT NULL AUTO_INCREMENT,
  `account_id` varchar(13) NOT NULL,
  `operater_id` varchar(13) NOT NULL,
  `reward_id` int NOT NULL,
  `reward_transaction_qty` int NOT NULL DEFAULT '0',
  `reward_transaction_point` int NOT NULL DEFAULT '0',
  `reward_transaction_value` decimal(6,2) NOT NULL DEFAULT '0.00',
  `reward_transaction_leftover` decimal(3,2) DEFAULT NULL,
  `reward_transaction_type` enum('deposit','exchange') NOT NULL,
  `reward_transaction_create_at` datetime NOT NULL,
  PRIMARY KEY (`reward_transaction_id`),
  KEY `fk_reward_transaction_reward_idx` (`reward_id`),
  CONSTRAINT `fk_reward_transaction_reward` FOREIGN KEY (`reward_id`) REFERENCES `reward` (`reward_id`)
) ENGINE=InnoDB DEFAULT CHARSET=utf8mb4 COLLATE=utf8mb4_0900_ai_ci COMMENT='Reward id ถ้าเป็นการบริจาคให้ไปสร้างใหม่ก่อนถ้าเจอชื่อซ้ำให้ ทำการ update เพิ่มจำนวน ถ้าเพิ่มได้ให้เอา id กลับมาสร้าง transaction';
/*!40101 SET character_set_client = @saved_cs_client */;

--
-- Dumping data for table `reward_transaction`
--

LOCK TABLES `reward_transaction` WRITE;
/*!40000 ALTER TABLE `reward_transaction` DISABLE KEYS */;
/*!40000 ALTER TABLE `reward_transaction` ENABLE KEYS */;
UNLOCK TABLES;

--
-- Table structure for table `waste_category`
--

DROP TABLE IF EXISTS `waste_category`;
/*!40101 SET @saved_cs_client     = @@character_set_client */;
/*!50503 SET character_set_client = utf8mb4 */;
CREATE TABLE `waste_category` (
  `waste_category_id` int NOT NULL AUTO_INCREMENT,
  `waste_category_name` varchar(20) NOT NULL,
  `waste_category_description` varchar(45) DEFAULT NULL,
  `waste_category_carbon_rate` decimal(5,2) NOT NULL,
  PRIMARY KEY (`waste_category_id`),
  UNIQUE KEY `waste_type_name_UNIQUE` (`waste_category_name`)
) ENGINE=InnoDB AUTO_INCREMENT=6 DEFAULT CHARSET=utf8mb4 COLLATE=utf8mb4_0900_ai_ci COMMENT='ประเภทหลักของขยะ เช่น กระดาษ ขวด พลาสติก โลหะ';
/*!40101 SET character_set_client = @saved_cs_client */;

--
-- Dumping data for table `waste_category`
--

LOCK TABLES `waste_category` WRITE;
/*!40000 ALTER TABLE `waste_category` DISABLE KEYS */;
INSERT INTO `waste_category` VALUES (1,'ขวดพลาสติก','ขวดพลาสติกชนิดต่างๆ',1.50),(2,'กระดาษ','กระดาษชนิดต่างๆ',3.80),(3,'ขวดแก้ว','ขวดเอ็มร้อย เครื่องดื่มแอลกอฮอล์ น้ำอัดลม',0.50),(4,'โลหะ',NULL,5.50);
/*!40000 ALTER TABLE `waste_category` ENABLE KEYS */;
UNLOCK TABLES;

--
-- Table structure for table `waste_transaction`
--

DROP TABLE IF EXISTS `waste_transaction`;
/*!40101 SET @saved_cs_client     = @@character_set_client */;
/*!50503 SET character_set_client = utf8mb4 */;
CREATE TABLE `waste_transaction` (
  `waste_transaction_id` int NOT NULL AUTO_INCREMENT,
  `account_id` int NOT NULL,
  `operater_id` int NOT NULL,
  `waste_transaction_from` enum('user','faculty_staff') NOT NULL,
  `waste_transaction_waste_category` int NOT NULL,
  `waste_transaction_waste_type` int NOT NULL,
  `waste_transaction_weight` decimal(4,1) NOT NULL,
  `waste_transaction_rate` decimal(5,2) NOT NULL,
  `waste_transaction_value` decimal(7,2) NOT NULL,
  `waste_transaction_point` int NOT NULL,
  `waste_transaction_leftover` decimal(3,2) NOT NULL,
  `waste_transaction_status` enum('pending','confirm') NOT NULL,
  `waste_transaction_create_at` datetime NOT NULL,
  PRIMARY KEY (`waste_transaction_id`),
  KEY `fk_waste_transaction_account_id_idx` (`account_id`),
  KEY `fk_waste_transaction_waste_type_idx` (`waste_transaction_waste_category`),
  KEY `fk_waste_transaction_sub_waste_type_idx` (`waste_transaction_waste_type`),
  KEY `fk_waste_transaction_operater_idx` (`operater_id`),
  CONSTRAINT `fk_waste_transaction_operater` FOREIGN KEY (`operater_id`) REFERENCES `account` (`account_id`),
  CONSTRAINT `fk_waste_transaction_user` FOREIGN KEY (`account_id`) REFERENCES `account` (`account_id`)
) ENGINE=InnoDB AUTO_INCREMENT=24 DEFAULT CHARSET=utf8mb4 COLLATE=utf8mb4_0900_ai_ci;
/*!40101 SET character_set_client = @saved_cs_client */;

--
-- Dumping data for table `waste_transaction`
--

LOCK TABLES `waste_transaction` WRITE;
/*!40000 ALTER TABLE `waste_transaction` DISABLE KEYS */;
INSERT INTO `waste_transaction` VALUES (2,1,2,'user',2,2,1.2,1.50,1.80,1,0.80,'pending','2025-12-18 14:49:27'),(7,1,2,'user',2,2,1.2,1.50,1.80,1,0.80,'pending','2025-12-18 15:06:08'),(8,1,2,'user',2,2,1.2,1.50,1.80,1,0.80,'pending','2025-12-18 15:08:22'),(9,1,2,'user',2,2,1.2,1.50,1.80,1,0.80,'pending','2025-12-18 15:19:02'),(13,1,2,'user',2,2,2.0,1.50,3.00,3,0.00,'pending','2025-12-18 15:25:41'),(14,1,2,'user',2,2,2.0,1.50,3.00,3,0.00,'pending','2025-12-18 15:26:40'),(15,1,2,'user',2,2,2.0,1.50,3.00,3,0.00,'pending','2025-12-18 15:26:51'),(16,1,2,'user',2,2,2.0,1.50,3.00,3,0.00,'pending','2025-12-18 15:27:23'),(17,1,2,'user',2,2,2.0,1.50,3.00,3,0.00,'pending','2025-12-18 15:27:26'),(18,1,2,'user',2,2,3.0,1.50,4.50,4,0.50,'pending','2025-12-18 15:28:07'),(19,1,2,'user',2,2,3.0,1.50,4.50,4,0.50,'pending','2025-12-18 15:28:15'),(20,1,2,'user',2,2,3.0,1.50,4.50,4,0.50,'pending','2025-12-18 15:28:16'),(21,5,2,'user',2,6,4.0,32.50,130.00,130,0.00,'pending','2025-12-18 15:32:13'),(22,5,2,'user',4,6,3.4,32.50,110.50,110,0.50,'pending','2025-12-18 15:32:54'),(23,6,2,'user',2,3,3.4,2.00,6.80,6,0.80,'pending','2025-12-18 15:45:19');
/*!40000 ALTER TABLE `waste_transaction` ENABLE KEYS */;
UNLOCK TABLES;

--
-- Table structure for table `waste_type`
--

DROP TABLE IF EXISTS `waste_type`;
/*!40101 SET @saved_cs_client     = @@character_set_client */;
/*!50503 SET character_set_client = utf8mb4 */;
CREATE TABLE `waste_type` (
  `waste_type_id` int NOT NULL AUTO_INCREMENT,
  `waste_category_id` int NOT NULL,
  `waste_type_name` varchar(25) NOT NULL,
  `waste_type_price` decimal(5,2) NOT NULL,
  PRIMARY KEY (`waste_type_id`),
  UNIQUE KEY `sub_type_name_UNIQUE` (`waste_type_name`),
  KEY `fk_waste_type_category_idx` (`waste_category_id`),
  CONSTRAINT `fk_waste_type_category` FOREIGN KEY (`waste_category_id`) REFERENCES `waste_category` (`waste_category_id`)
) ENGINE=InnoDB AUTO_INCREMENT=8 DEFAULT CHARSET=utf8mb4 COLLATE=utf8mb4_0900_ai_ci COMMENT='ประเภทย่อย เช่น ขวด PET กระดาษลัง';
/*!40101 SET character_set_client = @saved_cs_client */;

--
-- Dumping data for table `waste_type`
--

LOCK TABLES `waste_type` WRITE;
/*!40000 ALTER TABLE `waste_type` DISABLE KEYS */;
INSERT INTO `waste_type` VALUES (1,1,'ขวดPET',4.00),(2,2,'กระดาษลัง',1.50),(3,2,'กระดาษขาวดำ',2.00),(4,3,'ขวดแก้วใส',1.00),(5,3,'ขวดแก้วสีชา',5.00),(6,4,'อลูมิเนียม',32.50),(7,4,'ทองแดงปอกสาย',160.00);
/*!40000 ALTER TABLE `waste_type` ENABLE KEYS */;
UNLOCK TABLES;
/*!40103 SET TIME_ZONE=@OLD_TIME_ZONE */;

/*!40101 SET SQL_MODE=@OLD_SQL_MODE */;
/*!40014 SET FOREIGN_KEY_CHECKS=@OLD_FOREIGN_KEY_CHECKS */;
/*!40014 SET UNIQUE_CHECKS=@OLD_UNIQUE_CHECKS */;
/*!40101 SET CHARACTER_SET_CLIENT=@OLD_CHARACTER_SET_CLIENT */;
/*!40101 SET CHARACTER_SET_RESULTS=@OLD_CHARACTER_SET_RESULTS */;
/*!40101 SET COLLATION_CONNECTION=@OLD_COLLATION_CONNECTION */;
/*!40111 SET SQL_NOTES=@OLD_SQL_NOTES */;

-- Dump completed on 2025-12-18 23:06:23
